Order ID,Customer ID,Category,Sub-Category,Product ID,Region,Order Date,Quantity,Sales,Profit
O1000,C76,Sports,Outdoor,P111,North,2023-01-01,7,1897.0,455.39
O1001,C93,Beauty,Fragrance,P152,East,2023-01-01,4,1736.0,345.31
O1002,C77,Electronics,Headphones,P80,West,2023-01-02,8,2352.0,394.89
O1003,C66,Sports,Team Sports,P20,East,2023-01-03,5,2320.0,354.87
O1004,C12,Clothing,Shirts,P192,West,2023-01-03,7,2681.0,367.88
O1005,C71,Beauty,Skincare,P137,North,2023-01-04,3,603.0,170.28
O1006,C38,Beauty,Skincare,P78,West,2023-01-05,7,1302.0,335.47
O1007,C24,Beauty,Haircare,P180,North,2023-01-06,8,880.0,256.31
O1008,C74,Home,Decor,P52,West,2023-01-06,5,1105.0,89.59
O1009,C65,Sports,Fitness,P1,North,2023-01-07,4,1460.0,339.77
O1010,C35,Electronics,Phone,P60,West,2023-01-08,8,304.0,86.51
O1011,C87,Electronics,Phone,P99,North,2023-01-09,8,464.0,44.22
O1012,C32,Electronics,Headphones,P66,East,2023-01-09,3,435.0,28.98
O1013,C6,Sports,Team Sports,P89,East,2023-01-10,6,2820.0,663.49
O1014,C45,Clothing,Pants,P11,South,2023-01-11,5,960.0,185.87
O1015,C11,Beauty,Haircare,P33,East,2023-01-11,2,320.0,83.35
O1016,C1,Clothing,Pants,P153,South,2023-01-12,8,2088.0,177.36
O1017,C100,Sports,Cycling,P142,North,2023-01-13,6,1434.0,356.8
O1018,C50,Home,Kitchen,P14,North,2023-01-14,2,290.0,29.12
O1019,C29,Beauty,Makeup,P168,South,2023-01-14,5,385.0,35.0
O1020,C70,Sports,Cycling,P190,East,2023-01-15,1,167.0,15.21
O1021,C52,Clothing,Jackets,P80,South,2023-01-16,6,2970.0,753.32
O1022,C17,Clothing,Jackets,P186,South,2023-01-17,9,4275.0,924.68
O1023,C41,Sports,Cycling,P121,North,2023-01-17,1,336.0,60.74
O1024,C87,Electronics,Headphones,P115,West,2023-01-18,3,1206.0,168.49
O1025,C75,Beauty,Fragrance,P57,East,2023-01-19,7,2660.0,716.34
O1026,C76,Electronics,Headphones,P123,East,2023-01-19,4,1768.0,261.86
O1027,C26,Beauty,Fragrance,P46,East,2023-01-20,9,180.0,45.75
O1028,C38,Sports,Cycling,P114,North,2023-01-21,3,1218.0,194.62
O1029,C66,Electronics,Laptop,P192,North,2023-01-22,5,2400.0,346.17
O1030,C90,Electronics,Headphones,P99,East,2023-01-22,3,1101.0,182.4
O1031,C69,Beauty,Makeup,P52,North,2023-01-23,7,1463.0,183.38
O1032,C26,Electronics,Phone,P62,East,2023-01-24,5,1050.0,248.75
O1033,C40,Beauty,Makeup,P11,West,2023-01-25,9,3492.0,613.47
O1034,C75,Home,Bedding,P84,West,2023-01-25,7,2996.0,323.73
O1035,C66,Beauty,Fragrance,P11,East,2023-01-26,2,662.0,181.98
O1036,C56,Sports,Fitness,P171,South,2023-01-27,4,1744.0,254.58
O1037,C54,Clothing,Jackets,P59,East,2023-01-27,9,3969.0,737.79
O1038,C25,Electronics,Laptop,P2,South,2023-01-28,2,272.0,75.24
O1039,C75,Clothing,Shoes,P60,North,2023-01-29,9,1377.0,283.74
O1040,C58,Clothing,Pants,P155,West,2023-01-30,5,385.0,30.5
O1041,C77,Home,Decor,P187,North,2023-01-30,2,126.0,35.9
O1042,C91,Sports,Fitness,P33,West,2023-01-31,4,768.0,158.92
O1043,C50,Clothing,Shirts,P44,South,2023-02-01,7,1253.0,167.56
O1044,C25,Sports,Outdoor,P80,West,2023-02-02,8,1536.0,130.28
O1045,C91,Sports,Fitness,P66,North,2023-02-02,3,1008.0,250.49
O1046,C81,Beauty,Skincare,P129,East,2023-02-03,1,322.0,66.02
O1047,C24,Beauty,Haircare,P126,East,2023-02-04,4,672.0,123.22
O1048,C11,Electronics,Laptop,P53,South,2023-02-05,2,198.0,54.15
O1049,C32,Beauty,Haircare,P124,East,2023-02-05,8,3144.0,777.04
O1050,C84,Home,Bedding,P36,East,2023-02-06,4,928.0,81.59
O1051,C89,Clothing,Pants,P12,West,2023-02-07,2,444.0,56.8
O1052,C11,Home,Furniture,P90,East,2023-02-07,6,1626.0,182.31
O1053,C41,Sports,Team Sports,P128,East,2023-02-08,6,1488.0,351.15
O1054,C42,Beauty,Makeup,P123,South,2023-02-09,4,732.0,42.74
O1055,C59,Clothing,Shirts,P45,East,2023-02-10,6,1476.0,284.09
O1056,C56,Home,Decor,P80,South,2023-02-10,2,332.0,79.88
O1057,C46,Sports,Team Sports,P161,North,2023-02-11,2,78.0,21.0
O1058,C17,Home,Bedding,P199,West,2023-02-12,4,1840.0,249.36
O1059,C10,Home,Kitchen,P21,North,2023-02-13,8,3368.0,859.9
O1060,C58,Electronics,Laptop,P147,South,2023-02-13,7,462.0,35.88
O1061,C83,Sports,Outdoor,P9,West,2023-02-14,9,2268.0,593.34
O1062,C5,Sports,Outdoor,P87,West,2023-02-15,8,2592.0,212.21
O1063,C61,Sports,Team Sports,P197,South,2023-02-15,5,165.0,24.64
O1064,C68,Clothing,Shoes,P86,North,2023-02-16,2,324.0,80.78
O1065,C64,Clothing,Shoes,P87,North,2023-02-17,5,2170.0,189.83
O1066,C24,Beauty,Skincare,P62,East,2023-02-18,8,160.0,17.17
O1067,C37,Clothing,Pants,P5,South,2023-02-18,9,3528.0,813.43
O1068,C26,Electronics,Laptop,P123,West,2023-02-19,9,657.0,151.12
O1069,C23,Electronics,Headphones,P134,South,2023-02-20,1,393.0,82.64
O1070,C84,Sports,Team Sports,P17,West,2023-02-21,9,2502.0,559.16
O1071,C27,Beauty,Makeup,P187,North,2023-02-21,7,1141.0,211.86
O1072,C68,Home,Bedding,P154,East,2023-02-22,9,4410.0,498.11
O1073,C50,Electronics,Tablet,P200,East,2023-02-23,8,3680.0,502.04
O1074,C62,Beauty,Fragrance,P75,West,2023-02-23,1,478.0,45.6
O1075,C7,Sports,Outdoor,P46,South,2023-02-24,8,248.0,68.72
O1076,C82,Clothing,Shoes,P73,East,2023-02-25,8,2792.0,546.81
O1077,C38,Clothing,Jackets,P66,South,2023-02-26,3,729.0,109.51
O1078,C93,Electronics,Tablet,P175,South,2023-02-26,1,291.0,48.16
O1079,C93,Electronics,Tablet,P74,West,2023-02-27,8,3800.0,1089.92
O1080,C13,Beauty,Fragrance,P155,South,2023-02-28,3,1131.0,99.91
O1081,C36,Beauty,Makeup,P188,West,2023-03-01,3,1437.0,282.45
O1082,C67,Electronics,Tablet,P130,South,2023-03-01,1,427.0,75.35
O1083,C7,Sports,Outdoor,P120,South,2023-03-02,5,875.0,177.51
O1084,C90,Beauty,Haircare,P99,North,2023-03-03,7,2744.0,149.62
O1085,C51,Home,Decor,P84,South,2023-03-04,9,243.0,65.13
O1086,C12,Home,Decor,P141,South,2023-03-04,7,987.0,279.35
O1087,C33,Clothing,Jackets,P68,North,2023-03-05,9,3303.0,631.81
O1088,C50,Clothing,Pants,P47,North,2023-03-06,8,1464.0,328.17
O1089,C13,Sports,Fitness,P116,West,2023-03-06,2,218.0,61.18
O1090,C35,Home,Decor,P23,East,2023-03-07,1,155.0,35.16
O1091,C83,Home,Decor,P6,East,2023-03-08,7,1435.0,126.47
O1092,C1,Beauty,Fragrance,P70,South,2023-03-09,7,2345.0,455.1
O1093,C6,Electronics,Headphones,P1,South,2023-03-09,8,1576.0,317.85
O1094,C86,Electronics,Laptop,P20,North,2023-03-10,5,235.0,36.67
O1095,C73,Electronics,Headphones,P20,East,2023-03-11,3,717.0,167.86
O1096,C92,Beauty,Skincare,P158,West,2023-03-12,8,3008.0,853.04
O1097,C51,Home,Furniture,P72,South,2023-03-12,6,360.0,101.3
O1098,C60,Home,Kitchen,P43,South,2023-03-13,3,741.0,120.57
O1099,C70,Sports,Outdoor,P30,West,2023-03-14,1,211.0,16.52
O1100,C50,Sports,Team Sports,P39,East,2023-03-14,3,1290.0,382.11
O1101,C74,Home,Kitchen,P156,East,2023-03-15,5,2330.0,605.16
O1102,C24,Sports,Team Sports,P149,East,2023-03-16,3,492.0,39.93
O1103,C78,Clothing,Pants,P37,South,2023-03-17,1,220.0,61.65
O1104,C52,Beauty,Haircare,P101,North,2023-03-17,5,2180.0,583.09
O1105,C19,Clothing,Shoes,P114,South,2023-03-18,7,1617.0,290.59
O1106,C23,Electronics,Headphones,P34,West,2023-03-19,7,3360.0,664.67
O1107,C68,Electronics,Headphones,P110,North,2023-03-20,9,2151.0,322.11
O1108,C99,Beauty,Haircare,P23,North,2023-03-20,3,777.0,49.49
O1109,C90,Electronics,Headphones,P50,West,2023-03-21,7,3024.0,404.61
O1110,C94,Home,Kitchen,P135,West,2023-03-22,1,416.0,104.3
O1111,C100,Beauty,Fragrance,P31,East,2023-03-22,4,260.0,13.3
O1112,C47,Beauty,Fragrance,P126,South,2023-03-23,4,216.0,28.81
O1113,C77,Sports,Team Sports,P126,North,2023-03-24,5,1360.0,203.38
O1114,C28,Beauty,Fragrance,P4,East,2023-03-25,7,2863.0,527.79
O1115,C100,Clothing,Jackets,P75,North,2023-03-25,7,707.0,197.93
O1116,C1,Beauty,Makeup,P189,West,2023-03-26,4,1560.0,213.07
O1117,C19,Clothing,Shoes,P38,East,2023-03-27,7,1925.0,263.22
O1118,C5,Home,Furniture,P80,North,2023-03-28,3,648.0,151.88
O1119,C49,Sports,Cycling,P123,South,2023-03-28,6,1932.0,315.02
O1120,C46,Beauty,Haircare,P13,North,2023-03-29,2,856.0,90.87
O1121,C99,Beauty,Skincare,P44,West,2023-03-30,9,4221.0,688.49
O1122,C67,Beauty,Skincare,P34,South,2023-03-30,5,145.0,12.36
O1123,C27,Electronics,Laptop,P32,West,2023-03-31,6,1986.0,186.88
O1124,C14,Beauty,Haircare,P183,East,2023-04-01,4,1220.0,213.0
O1125,C85,Beauty,Fragrance,P99,East,2023-04-02,7,1827.0,282.69
O1126,C68,Sports,Team Sports,P198,East,2023-04-02,9,2430.0,677.27
O1127,C89,Clothing,Shoes,P121,West,2023-04-03,7,2688.0,377.93
O1128,C90,Beauty,Haircare,P103,North,2023-04-04,1,24.0,4.68
O1129,C51,Beauty,Makeup,P65,East,2023-04-05,1,138.0,28.71
O1130,C81,Electronics,Tablet,P181,East,2023-04-05,9,2772.0,147.67
O1131,C71,Beauty,Fragrance,P50,South,2023-04-06,9,3537.0,763.58
O1132,C3,Clothing,Shoes,P88,West,2023-04-07,4,336.0,31.76
O1133,C80,Electronics,Laptop,P23,North,2023-04-08,9,1485.0,431.05
O1134,C7,Sports,Cycling,P88,West,2023-04-08,3,729.0,63.54
O1135,C93,Sports,Cycling,P21,South,2023-04-09,7,1806.0,277.5
O1136,C78,Beauty,Makeup,P175,East,2023-04-10,6,1176.0,83.89
O1137,C59,Sports,Team Sports,P145,East,2023-04-10,8,2288.0,684.61
O1138,C3,Sports,Fitness,P94,East,2023-04-11,9,3240.0,568.78
O1139,C97,Sports,Team Sports,P23,West,2023-04-12,5,1505.0,299.26
O1140,C65,Electronics,Headphones,P165,West,2023-04-13,1,82.0,5.48
O1141,C1,Beauty,Skincare,P196,South,2023-04-13,3,708.0,168.14
O1142,C89,Home,Bedding,P12,West,2023-04-14,8,2888.0,295.95
O1143,C10,Electronics,Phone,P85,South,2023-04-15,6,2004.0,550.13
O1144,C57,Clothing,Jackets,P136,South,2023-04-16,8,2416.0,244.7
O1145,C55,Electronics,Laptop,P80,North,2023-04-16,9,1764.0,172.29
O1146,C81,Sports,Cycling,P21,West,2023-04-17,4,1920.0,113.54
O1147,C12,Sports,Fitness,P192,North,2023-04-18,1,436.0,73.26
O1148,C28,Home,Decor,P57,South,2023-04-18,1,117.0,22.37
O1149,C37,Beauty,Skincare,P38,South,2023-04-19,4,496.0,32.95
O1150,C98,Clothing,Jackets,P119,South,2023-04-20,7,826.0,201.45
O1151,C25,Clothing,Jackets,P167,East,2023-04-21,2,808.0,131.96
O1152,C27,Home,Furniture,P142,South,2023-04-21,3,1272.0,230.36
O1153,C40,Home,Kitchen,P166,East,2023-04-22,1,330.0,52.86
O1154,C92,Sports,Outdoor,P145,South,2023-04-23,5,125.0,18.77
O1155,C52,Clothing,Shoes,P19,South,2023-04-24,1,495.0,94.01
O1156,C18,Clothing,Jackets,P100,East,2023-04-24,8,3872.0,343.87
O1157,C79,Electronics,Laptop,P86,North,2023-04-25,1,216.0,20.62
O1158,C63,Electronics,Phone,P112,North,2023-04-26,1,370.0,98.22
O1159,C61,Clothing,Pants,P7,South,2023-04-26,2,304.0,87.1
O1160,C2,Clothing,Pants,P74,West,2023-04-27,2,754.0,108.07
O1161,C63,Clothing,Shirts,P123,North,2023-04-28,6,1668.0,196.3
O1162,C14,Sports,Fitness,P184,North,2023-04-29,7,3192.0,673.51
O1163,C3,Sports,Outdoor,P30,West,2023-04-29,5,210.0,31.96
O1164,C51,Sports,Team Sports,P157,East,2023-04-30,1,72.0,4.06
O1165,C38,Electronics,Headphones,P166,East,2023-05-01,1,184.0,16.38
O1166,C73,Clothing,Jackets,P197,North,2023-05-02,3,663.0,151.82
O1167,C10,Electronics,Tablet,P200,West,2023-05-02,2,954.0,204.85
O1168,C87,Clothing,Shoes,P40,South,2023-05-03,5,510.0,28.95
O1169,C9,Electronics,Headphones,P182,East,2023-05-04,6,984.0,103.81
O1170,C88,Electronics,Headphones,P97,West,2023-05-05,7,728.0,78.46
O1171,C73,Home,Kitchen,P100,East,2023-05-05,4,388.0,84.57
O1172,C9,Sports,Cycling,P116,East,2023-05-06,7,3332.0,183.02
O1173,C10,Electronics,Headphones,P122,West,2023-05-07,8,3080.0,234.16
O1174,C98,Sports,Cycling,P200,West,2023-05-07,1,20.0,5.0
O1175,C11,Sports,Team Sports,P158,East,2023-05-08,6,420.0,39.75
O1176,C36,Home,Kitchen,P169,North,2023-05-09,8,1536.0,327.45
O1177,C61,Sports,Fitness,P185,West,2023-05-10,5,1120.0,122.69
O1178,C44,Sports,Fitness,P142,South,2023-05-10,4,1116.0,83.54
O1179,C32,Home,Kitchen,P58,East,2023-05-11,2,930.0,103.04
O1180,C5,Home,Kitchen,P81,South,2023-05-12,6,2808.0,647.43
O1181,C34,Beauty,Skincare,P151,North,2023-05-13,6,2328.0,614.42
O1182,C99,Sports,Fitness,P199,North,2023-05-13,1,307.0,79.07
O1183,C75,Electronics,Phone,P113,South,2023-05-14,9,477.0,71.21
O1184,C35,Home,Furniture,P31,South,2023-05-15,6,2202.0,477.88
O1185,C24,Sports,Cycling,P133,East,2023-05-15,3,342.0,34.63
O1186,C31,Electronics,Laptop,P186,West,2023-05-16,4,364.0,44.88
O1187,C93,Clothing,Jackets,P73,North,2023-05-17,4,232.0,63.59
O1188,C37,Electronics,Tablet,P178,South,2023-05-18,3,519.0,27.64
O1189,C64,Clothing,Shoes,P46,North,2023-05-18,3,807.0,57.6
O1190,C48,Home,Furniture,P61,North,2023-05-19,3,543.0,55.37
O1191,C2,Electronics,Tablet,P26,North,2023-05-20,4,1828.0,103.53
O1192,C2,Beauty,Haircare,P50,South,2023-05-21,7,959.0,91.45
O1193,C51,Beauty,Fragrance,P11,South,2023-05-21,4,1112.0,217.69
O1194,C28,Sports,Outdoor,P37,West,2023-05-22,9,3582.0,556.49
O1195,C75,Beauty,Makeup,P112,North,2023-05-23,1,325.0,88.78
O1196,C56,Clothing,Pants,P116,East,2023-05-23,8,2296.0,584.01
O1197,C49,Clothing,Pants,P131,North,2023-05-24,7,3276.0,443.75
O1198,C42,Home,Furniture,P83,West,2023-05-25,2,146.0,16.77
O1199,C62,Home,Bedding,P117,South,2023-05-26,8,2040.0,295.64
O1200,C84,Home,Bedding,P140,North,2023-05-26,1,408.0,80.61
O1201,C30,Home,Furniture,P53,South,2023-05-27,9,4473.0,523.41
O1202,C8,Electronics,Tablet,P122,East,2023-05-28,9,2169.0,446.89
O1203,C20,Clothing,Jackets,P3,South,2023-05-29,2,540.0,82.27
O1204,C50,Sports,Fitness,P25,North,2023-05-29,7,2324.0,436.94
O1205,C41,Beauty,Haircare,P188,West,2023-05-30,3,1260.0,200.38
O1206,C23,Clothing,Jackets,P123,West,2023-05-31,7,917.0,113.36
O1207,C76,Home,Kitchen,P194,West,2023-05-31,9,2466.0,708.02
O1208,C39,Home,Bedding,P33,West,2023-06-01,4,1288.0,310.28
O1209,C70,Electronics,Tablet,P62,East,2023-06-02,1,426.0,36.22
O1210,C31,Beauty,Haircare,P83,East,2023-06-03,2,452.0,120.74
O1211,C5,Electronics,Tablet,P152,East,2023-06-03,1,248.0,42.62
O1212,C81,Clothing,Shoes,P170,West,2023-06-04,5,1800.0,492.55
O1213,C14,Home,Bedding,P114,West,2023-06-05,5,2085.0,521.17
O1214,C23,Sports,Cycling,P110,North,2023-06-06,7,595.0,93.0
O1215,C60,Clothing,Jackets,P129,West,2023-06-06,9,846.0,47.05
O1216,C88,Clothing,Shoes,P77,North,2023-06-07,9,4086.0,478.75
O1217,C65,Home,Furniture,P22,East,2023-06-08,3,366.0,67.86
O1218,C47,Electronics,Headphones,P144,East,2023-06-09,3,1323.0,275.67
O1219,C18,Electronics,Tablet,P132,South,2023-06-09,3,633.0,72.46
O1220,C44,Beauty,Makeup,P33,East,2023-06-10,4,1084.0,91.97
O1221,C81,Electronics,Tablet,P105,West,2023-06-11,8,1960.0,507.12
O1222,C55,Home,Furniture,P180,East,2023-06-11,6,1878.0,556.08
O1223,C62,Clothing,Jackets,P49,South,2023-06-12,8,2600.0,471.7
O1224,C88,Clothing,Pants,P160,North,2023-06-13,1,117.0,10.87
O1225,C52,Electronics,Phone,P60,South,2023-06-14,8,2856.0,337.23
O1226,C15,Sports,Team Sports,P93,East,2023-06-14,4,1220.0,66.61
O1227,C11,Home,Furniture,P147,North,2023-06-15,1,354.0,98.62
O1228,C78,Electronics,Phone,P69,South,2023-06-16,8,2928.0,232.59
O1229,C9,Clothing,Shirts,P10,East,2023-06-17,4,1816.0,352.54
O1230,C80,Electronics,Headphones,P27,North,2023-06-17,6,2796.0,331.36
O1231,C68,Clothing,Pants,P45,East,2023-06-18,8,2616.0,493.23
O1232,C28,Beauty,Makeup,P73,North,2023-06-19,4,1072.0,228.18
O1233,C94,Electronics,Phone,P153,South,2023-06-19,3,555.0,142.88
O1234,C19,Sports,Outdoor,P49,West,2023-06-20,9,4419.0,448.99
O1235,C50,Home,Kitchen,P64,West,2023-06-21,3,1062.0,56.02
O1236,C72,Sports,Outdoor,P22,South,2023-06-22,9,441.0,37.14
O1237,C90,Sports,Outdoor,P185,North,2023-06-22,2,532.0,146.3
O1238,C5,Clothing,Pants,P46,West,2023-06-23,2,250.0,67.12
O1239,C72,Electronics,Phone,P96,West,2023-06-24,2,140.0,27.91
O1240,C56,Clothing,Pants,P110,South,2023-06-25,6,600.0,120.08
O1241,C71,Electronics,Headphones,P104,West,2023-06-25,3,456.0,98.61
O1242,C59,Clothing,Pants,P147,North,2023-06-26,9,2736.0,256.75
O1243,C3,Clothing,Jackets,P27,North,2023-06-27,4,1628.0,453.57
O1244,C17,Clothing,Shirts,P7,North,2023-06-27,1,157.0,24.29
O1245,C100,Home,Bedding,P156,North,2023-06-28,4,812.0,118.38
O1246,C83,Electronics,Laptop,P140,South,2023-06-29,1,420.0,75.49
O1247,C99,Clothing,Shoes,P5,East,2023-06-30,5,1745.0,107.74
O1248,C49,Beauty,Fragrance,P71,North,2023-06-30,4,1168.0,106.95
O1249,C12,Electronics,Tablet,P164,North,2023-07-01,8,2872.0,673.51
O1250,C97,Electronics,Tablet,P110,South,2023-07-02,8,3928.0,277.71
O1251,C47,Electronics,Laptop,P144,South,2023-07-03,7,616.0,123.69
O1252,C35,Sports,Team Sports,P54,East,2023-07-03,3,159.0,17.7
O1253,C53,Electronics,Phone,P13,North,2023-07-04,1,281.0,41.4
O1254,C11,Clothing,Jackets,P69,South,2023-07-05,1,72.0,8.8
O1255,C61,Electronics,Phone,P17,South,2023-07-06,3,1407.0,195.46
O1256,C53,Electronics,Laptop,P109,North,2023-07-06,6,1344.0,308.8
O1257,C99,Beauty,Haircare,P41,West,2023-07-07,7,1015.0,126.14
O1258,C4,Clothing,Jackets,P60,South,2023-07-08,6,1524.0,292.0
O1259,C16,Home,Bedding,P105,South,2023-07-08,6,372.0,62.87
O1260,C8,Electronics,Laptop,P124,East,2023-07-09,6,1554.0,335.54
O1261,C69,Clothing,Jackets,P199,South,2023-07-10,3,1434.0,407.55
O1262,C67,Sports,Fitness,P53,East,2023-07-11,6,2340.0,545.55
O1263,C57,Home,Bedding,P68,South,2023-07-11,8,1040.0,107.88
O1264,C46,Electronics,Tablet,P89,East,2023-07-12,2,536.0,30.98
O1265,C75,Electronics,Tablet,P16,East,2023-07-13,5,850.0,98.23
O1266,C72,Clothing,Shirts,P68,South,2023-07-14,1,202.0,40.15
O1267,C33,Electronics,Tablet,P30,East,2023-07-14,1,355.0,22.31
O1268,C15,Sports,Fitness,P166,North,2023-07-15,5,570.0,99.23
O1269,C35,Clothing,Shirts,P65,North,2023-07-16,3,1434.0,285.67
O1270,C93,Electronics,Laptop,P91,West,2023-07-16,4,1572.0,209.96
O1271,C97,Clothing,Shoes,P131,North,2023-07-17,3,1257.0,305.11
O1272,C11,Clothing,Jackets,P99,North,2023-07-18,1,27.0,2.07
O1273,C50,Clothing,Shoes,P117,East,2023-07-19,1,407.0,28.0
O1274,C10,Sports,Team Sports,P38,East,2023-07-19,5,1895.0,439.73
O1275,C20,Home,Furniture,P89,North,2023-07-20,6,2442.0,424.6
O1276,C11,Electronics,Headphones,P131,North,2023-07-21,3,609.0,135.26
O1277,C89,Clothing,Shirts,P5,West,2023-07-22,9,2700.0,428.51
O1278,C92,Home,Kitchen,P101,North,2023-07-22,5,1070.0,119.41
O1279,C79,Electronics,Tablet,P141,South,2023-07-23,8,2968.0,756.17
O1280,C54,Electronics,Tablet,P171,North,2023-07-24,1,214.0,53.47
O1281,C44,Sports,Fitness,P182,East,2023-07-24,5,870.0,194.6
O1282,C56,Electronics,Headphones,P48,North,2023-07-25,3,336.0,39.66
O1283,C89,Electronics,Tablet,P128,East,2023-07-26,1,179.0,35.36
O1284,C24,Clothing,Pants,P189,North,2023-07-27,4,1812.0,254.12
O1285,C48,Home,Decor,P179,North,2023-07-27,5,400.0,29.16
O1286,C10,Home,Decor,P173,North,2023-07-28,7,987.0,275.7
O1287,C99,Home,Bedding,P98,East,2023-07-29,1,70.0,5.89
O1288,C80,Clothing,Shoes,P25,East,2023-07-30,3,1266.0,364.05
O1289,C17,Home,Bedding,P124,North,2023-07-30,2,592.0,95.61
O1290,C67,Beauty,Skincare,P140,East,2023-07-31,9,216.0,20.8
O1291,C21,Home,Bedding,P4,West,2023-08-01,6,2910.0,539.73
O1292,C59,Sports,Outdoor,P99,West,2023-08-02,3,333.0,89.32
O1293,C71,Clothing,Shoes,P149,North,2023-08-02,8,1512.0,352.38
O1294,C63,Electronics,Laptop,P145,West,2023-08-03,8,2688.0,676.41
O1295,C55,Home,Bedding,P111,South,2023-08-04,2,82.0,17.61
O1296,C43,Sports,Outdoor,P172,South,2023-08-04,6,2544.0,567.49
O1297,C82,Sports,Outdoor,P100,North,2023-08-05,7,2415.0,633.45
O1298,C34,Sports,Cycling,P115,North,2023-08-06,2,40.0,4.5
O1299,C68,Electronics,Phone,P79,South,2023-08-07,2,304.0,52.4
O1300,C21,Sports,Fitness,P104,West,2023-08-07,1,252.0,26.54
O1301,C32,Sports,Outdoor,P70,South,2023-08-08,8,248.0,73.64
O1302,C37,Beauty,Skincare,P126,West,2023-08-09,1,365.0,104.4
O1303,C21,Home,Kitchen,P61,South,2023-08-10,9,585.0,35.02
O1304,C17,Electronics,Laptop,P45,North,2023-08-10,6,318.0,71.99
O1305,C47,Electronics,Headphones,P57,East,2023-08-11,7,3164.0,890.07
O1306,C13,Sports,Team Sports,P139,West,2023-08-12,7,679.0,64.6
O1307,C100,Clothing,Pants,P173,West,2023-08-12,3,711.0,136.5
O1308,C56,Home,Furniture,P17,West,2023-08-13,2,640.0,178.48
O1309,C5,Beauty,Skincare,P194,North,2023-08-14,9,3870.0,226.34
O1310,C100,Home,Furniture,P84,North,2023-08-15,8,736.0,165.13
O1311,C4,Clothing,Jackets,P2,South,2023-08-15,7,2107.0,261.98
O1312,C52,Home,Decor,P90,South,2023-08-16,9,2412.0,678.01
O1313,C28,Home,Bedding,P63,West,2023-08-17,4,264.0,77.29
O1314,C27,Sports,Outdoor,P174,North,2023-08-18,4,560.0,160.2
O1315,C62,Home,Kitchen,P144,West,2023-08-18,1,233.0,39.27
O1316,C43,Home,Decor,P17,South,2023-08-19,8,2064.0,548.01
O1317,C64,Clothing,Pants,P140,North,2023-08-20,3,225.0,58.76
O1318,C91,Sports,Fitness,P84,North,2023-08-20,7,2583.0,335.21
O1319,C10,Clothing,Shirts,P48,South,2023-08-21,2,252.0,64.82
O1320,C29,Home,Kitchen,P61,West,2023-08-22,2,676.0,40.05
O1321,C95,Sports,Team Sports,P189,East,2023-08-23,7,469.0,93.36
O1322,C67,Clothing,Pants,P40,West,2023-08-23,6,480.0,51.6
O1323,C18,Clothing,Shoes,P123,South,2023-08-24,3,1068.0,85.59
O1324,C30,Sports,Cycling,P85,North,2023-08-25,9,405.0,28.04
O1325,C99,Sports,Team Sports,P56,South,2023-08-26,6,1866.0,418.12
O1326,C92,Sports,Fitness,P160,East,2023-08-26,6,1656.0,223.51
O1327,C53,Sports,Outdoor,P61,West,2023-08-27,1,27.0,6.24
O1328,C89,Beauty,Makeup,P54,West,2023-08-28,4,528.0,35.03
O1329,C51,Home,Furniture,P13,North,2023-08-28,6,2244.0,289.08
O1330,C60,Beauty,Skincare,P16,North,2023-08-29,6,1632.0,301.71
O1331,C100,Electronics,Headphones,P71,East,2023-08-30,5,995.0,246.44
O1332,C64,Electronics,Laptop,P141,South,2023-08-31,1,226.0,29.31
O1333,C51,Beauty,Makeup,P73,North,2023-08-31,8,2576.0,531.87
O1334,C94,Beauty,Skincare,P88,West,2023-09-01,5,730.0,198.19
O1335,C34,Sports,Cycling,P47,North,2023-09-02,5,375.0,76.49
O1336,C49,Clothing,Shirts,P165,West,2023-09-03,7,1631.0,176.54
O1337,C26,Clothing,Shoes,P47,South,2023-09-03,4,132.0,7.41
O1338,C17,Beauty,Haircare,P12,North,2023-09-04,6,2958.0,791.34
O1339,C63,Home,Kitchen,P197,South,2023-09-05,4,188.0,10.4
O1340,C52,Beauty,Skincare,P61,South,2023-09-06,3,1470.0,394.95
O1341,C23,Sports,Team Sports,P20,South,2023-09-06,7,679.0,123.74
O1342,C18,Electronics,Tablet,P51,West,2023-09-07,8,1880.0,535.36
O1343,C46,Home,Decor,P103,West,2023-09-08,4,1620.0,404.51
O1344,C92,Beauty,Makeup,P17,West,2023-09-08,2,768.0,230.0
O1345,C21,Beauty,Haircare,P79,East,2023-09-09,3,519.0,71.45
O1346,C76,Clothing,Pants,P148,East,2023-09-10,1,33.0,7.98
O1347,C78,Home,Decor,P195,West,2023-09-11,8,1648.0,248.0
O1348,C61,Sports,Fitness,P45,East,2023-09-11,3,993.0,168.78
O1349,C6,Home,Kitchen,P125,East,2023-09-12,7,2730.0,564.77
O1350,C38,Sports,Outdoor,P79,East,2023-09-13,5,130.0,34.89
O1351,C34,Home,Furniture,P46,West,2023-09-14,5,110.0,32.56
O1352,C94,Home,Kitchen,P131,North,2023-09-14,7,910.0,220.28
O1353,C19,Home,Kitchen,P51,East,2023-09-15,9,3834.0,592.13
O1354,C77,Beauty,Makeup,P134,East,2023-09-16,5,1285.0,199.61
O1355,C81,Home,Kitchen,P143,West,2023-09-16,1,382.0,89.54
O1356,C55,Sports,Cycling,P76,East,2023-09-17,1,258.0,28.3
O1357,C19,Sports,Fitness,P12,East,2023-09-18,2,586.0,45.48
O1358,C73,Sports,Fitness,P104,East,2023-09-19,6,1878.0,260.4
O1359,C26,Electronics,Phone,P179,West,2023-09-19,9,2214.0,269.69
O1360,C58,Electronics,Laptop,P162,West,2023-09-20,8,3120.0,387.12
O1361,C100,Home,Furniture,P105,North,2023-09-21,5,170.0,18.43
O1362,C77,Clothing,Shoes,P79,South,2023-09-22,1,211.0,12.77
O1363,C24,Electronics,Tablet,P173,North,2023-09-22,7,3444.0,187.59
O1364,C38,Clothing,Shirts,P61,West,2023-09-23,5,690.0,204.88
O1365,C32,Beauty,Makeup,P190,West,2023-09-24,6,282.0,44.26
O1366,C78,Home,Bedding,P139,South,2023-09-24,7,1547.0,225.99
O1367,C91,Beauty,Makeup,P80,North,2023-09-25,3,174.0,38.26
O1368,C25,Electronics,Headphones,P78,North,2023-09-26,3,1380.0,144.3
O1369,C47,Sports,Fitness,P31,South,2023-09-27,5,1460.0,419.74
O1370,C31,Electronics,Tablet,P185,West,2023-09-27,6,1500.0,369.88
O1371,C37,Sports,Fitness,P161,East,2023-09-28,9,945.0,68.37
O1372,C24,Sports,Team Sports,P66,West,2023-09-29,5,2465.0,380.58
O1373,C72,Electronics,Headphones,P146,East,2023-09-30,1,145.0,39.12
O1374,C80,Beauty,Fragrance,P181,South,2023-09-30,4,1276.0,365.17
O1375,C63,Electronics,Phone,P62,West,2023-10-01,5,220.0,36.71
O1376,C50,Beauty,Fragrance,P123,South,2023-10-02,5,820.0,166.75
O1377,C70,Clothing,Jackets,P54,West,2023-10-03,7,224.0,20.55
O1378,C42,Beauty,Skincare,P104,East,2023-10-03,4,924.0,275.16
O1379,C80,Clothing,Pants,P178,West,2023-10-04,1,44.0,4.75
O1380,C2,Electronics,Tablet,P35,South,2023-10-05,5,435.0,124.27
O1381,C64,Home,Bedding,P192,East,2023-10-05,7,2891.0,614.08
O1382,C22,Sports,Fitness,P186,South,2023-10-06,6,516.0,104.2
O1383,C4,Sports,Outdoor,P122,East,2023-10-07,5,1260.0,224.5
O1384,C40,Beauty,Fragrance,P56,East,2023-10-08,4,512.0,55.13
O1385,C10,Home,Furniture,P188,North,2023-10-08,2,330.0,31.06
O1386,C60,Beauty,Haircare,P80,West,2023-10-09,4,520.0,54.66
O1387,C57,Beauty,Fragrance,P57,West,2023-10-10,3,741.0,71.59
O1388,C37,Beauty,Skincare,P89,East,2023-10-11,1,130.0,31.84
O1389,C51,Sports,Fitness,P13,East,2023-10-11,8,3912.0,538.02
O1390,C60,Clothing,Jackets,P136,East,2023-10-12,5,265.0,17.08
O1391,C45,Clothing,Jackets,P103,East,2023-10-13,4,520.0,151.98
O1392,C1,Clothing,Pants,P179,North,2023-10-13,8,2264.0,613.42
O1393,C13,Home,Bedding,P58,East,2023-10-14,7,3101.0,874.29
O1394,C28,Sports,Fitness,P85,North,2023-10-15,2,776.0,231.81
O1395,C9,Beauty,Haircare,P168,South,2023-10-16,1,255.0,23.84
O1396,C46,Beauty,Haircare,P134,North,2023-10-16,4,408.0,60.82
O1397,C83,Home,Furniture,P50,East,2023-10-17,8,488.0,116.91
O1398,C45,Sports,Cycling,P63,West,2023-10-18,2,888.0,198.92
O1399,C56,Beauty,Makeup,P21,South,2023-10-19,3,360.0,31.85
O1400,C45,Beauty,Haircare,P48,South,2023-10-19,1,25.0,6.35
O1401,C54,Electronics,Phone,P190,North,2023-10-20,1,199.0,21.12
O1402,C8,Electronics,Phone,P16,East,2023-10-21,3,903.0,95.68
O1403,C5,Sports,Outdoor,P143,North,2023-10-21,5,1695.0,312.29
O1404,C15,Beauty,Fragrance,P94,East,2023-10-22,3,735.0,145.7
O1405,C72,Clothing,Pants,P50,East,2023-10-23,1,462.0,90.1
O1406,C67,Clothing,Shoes,P159,East,2023-10-24,1,459.0,33.45
O1407,C16,Clothing,Shirts,P169,North,2023-10-24,8,2672.0,719.74
O1408,C29,Clothing,Pants,P168,South,2023-10-25,2,768.0,89.4
O1409,C75,Clothing,Pants,P52,East,2023-10-26,3,1419.0,116.9
O1410,C31,Beauty,Fragrance,P82,North,2023-10-27,2,496.0,135.0
O1411,C1,Home,Kitchen,P131,West,2023-10-27,3,1188.0,343.23
O1412,C25,Clothing,Jackets,P21,North,2023-10-28,7,2156.0,572.49
O1413,C15,Sports,Outdoor,P52,North,2023-10-29,1,456.0,115.08
O1414,C81,Clothing,Shoes,P25,West,2023-10-29,8,1352.0,289.07
O1415,C84,Sports,Cycling,P171,South,2023-10-30,2,592.0,111.13
O1416,C12,Home,Furniture,P50,East,2023-10-31,3,651.0,46.71
O1417,C3,Electronics,Headphones,P6,North,2023-11-01,9,801.0,121.84
O1418,C71,Electronics,Headphones,P188,North,2023-11-01,7,917.0,131.29
O1419,C8,Home,Kitchen,P179,East,2023-11-02,4,92.0,10.57
O1420,C94,Beauty,Skincare,P122,East,2023-11-03,5,1845.0,425.93
O1421,C14,Home,Bedding,P199,East,2023-11-04,2,700.0,121.78
O1422,C36,Home,Furniture,P34,East,2023-11-04,8,3720.0,261.37
O1423,C40,Clothing,Pants,P179,West,2023-11-05,4,1348.0,141.6
O1424,C37,Clothing,Pants,P100,East,2023-11-06,9,3321.0,733.33
O1425,C60,Beauty,Haircare,P117,South,2023-11-07,5,570.0,39.35
O1426,C41,Beauty,Fragrance,P113,South,2023-11-07,9,1539.0,404.45
O1427,C44,Beauty,Haircare,P73,South,2023-11-08,4,1320.0,229.4
O1428,C99,Beauty,Skincare,P80,West,2023-11-09,5,780.0,132.71
O1429,C97,Clothing,Pants,P21,North,2023-11-09,9,2394.0,474.26
O1430,C92,Sports,Fitness,P170,South,2023-11-10,8,3248.0,832.04
O1431,C67,Clothing,Jackets,P118,West,2023-11-11,3,786.0,107.64
O1432,C15,Beauty,Skincare,P181,East,2023-11-12,1,50.0,10.98
O1433,C8,Clothing,Pants,P32,North,2023-11-12,3,177.0,33.88
O1434,C98,Beauty,Fragrance,P45,West,2023-11-13,4,992.0,115.82
O1435,C80,Beauty,Fragrance,P77,North,2023-11-14,2,110.0,29.66
O1436,C4,Sports,Outdoor,P198,West,2023-11-15,1,427.0,106.48
O1437,C84,Home,Kitchen,P62,East,2023-11-15,7,1694.0,363.55
O1438,C59,Beauty,Haircare,P50,East,2023-11-16,8,200.0,52.53
O1439,C26,Electronics,Tablet,P26,South,2023-11-17,7,2387.0,636.91
O1440,C81,Beauty,Skincare,P147,South,2023-11-17,5,2435.0,552.97
O1441,C79,Sports,Fitness,P115,North,2023-11-18,1,239.0,61.96
O1442,C73,Beauty,Fragrance,P31,West,2023-11-19,7,658.0,147.63
O1443,C74,Electronics,Headphones,P126,East,2023-11-20,7,161.0,35.43
O1444,C100,Sports,Fitness,P44,West,2023-11-20,9,3186.0,652.02
O1445,C84,Sports,Fitness,P151,West,2023-11-21,3,459.0,109.32
O1446,C30,Clothing,Pants,P170,South,2023-11-22,9,1233.0,110.54
O1447,C47,Clothing,Shoes,P28,North,2023-11-23,1,388.0,104.84
O1448,C41,Electronics,Laptop,P99,East,2023-11-23,1,113.0,30.28
O1449,C34,Clothing,Shoes,P71,West,2023-11-24,4,1816.0,104.08
O1450,C82,Electronics,Phone,P32,West,2023-11-25,9,729.0,186.96
O1451,C100,Home,Bedding,P34,West,2023-11-25,6,2760.0,226.92
O1452,C27,Clothing,Jackets,P98,West,2023-11-26,3,639.0,85.49
O1453,C81,Sports,Cycling,P20,North,2023-11-27,1,354.0,83.5
O1454,C56,Home,Furniture,P67,North,2023-11-28,4,888.0,80.09
O1455,C95,Electronics,Tablet,P194,West,2023-11-28,9,3699.0,941.37
O1456,C66,Home,Bedding,P61,East,2023-11-29,3,135.0,34.83
O1457,C9,Electronics,Laptop,P97,North,2023-11-30,9,4086.0,722.68
O1458,C54,Clothing,Shoes,P173,East,2023-12-01,7,1344.0,69.35
O1459,C49,Clothing,Shoes,P119,South,2023-12-01,4,1276.0,155.37
O1460,C46,Beauty,Fragrance,P68,East,2023-12-02,3,456.0,93.13
O1461,C86,Beauty,Fragrance,P166,South,2023-12-03,5,1725.0,509.39
O1462,C96,Home,Bedding,P21,East,2023-12-04,5,2145.0,446.06
O1463,C26,Clothing,Shoes,P159,East,2023-12-04,3,411.0,47.24
O1464,C79,Electronics,Laptop,P141,North,2023-12-05,9,3087.0,643.64
O1465,C37,Home,Kitchen,P168,East,2023-12-06,4,1176.0,217.56
O1466,C32,Electronics,Phone,P59,West,2023-12-06,5,1155.0,282.93
O1467,C79,Clothing,Jackets,P119,North,2023-12-07,4,976.0,74.9
O1468,C33,Beauty,Fragrance,P51,West,2023-12-08,5,195.0,46.85
O1469,C87,Electronics,Tablet,P51,South,2023-12-09,7,924.0,171.23
O1470,C81,Home,Bedding,P59,West,2023-12-09,9,1431.0,416.06
O1471,C21,Sports,Outdoor,P129,South,2023-12-10,7,462.0,62.59
O1472,C62,Clothing,Pants,P73,West,2023-12-11,5,100.0,20.82
O1473,C66,Clothing,Jackets,P166,North,2023-12-12,7,763.0,215.93
O1474,C41,Electronics,Laptop,P116,South,2023-12-12,5,805.0,60.88
O1475,C72,Beauty,Fragrance,P48,South,2023-12-13,3,1017.0,289.14
O1476,C86,Sports,Outdoor,P19,East,2023-12-14,7,399.0,88.57
O1477,C24,Beauty,Haircare,P165,West,2023-12-14,2,624.0,41.78
O1478,C9,Sports,Cycling,P35,West,2023-12-15,9,3609.0,451.99
O1479,C30,Home,Furniture,P157,North,2023-12-16,1,158.0,35.87
O1480,C85,Sports,Outdoor,P140,South,2023-12-17,6,2250.0,150.38
O1481,C79,Clothing,Shoes,P143,East,2023-12-17,7,2464.0,481.82
O1482,C90,Beauty,Skincare,P27,North,2023-12-18,8,2224.0,303.51
O1483,C89,Beauty,Skincare,P29,North,2023-12-19,9,1620.0,332.47
O1484,C23,Clothing,Jackets,P182,North,2023-12-20,2,818.0,50.25
O1485,C83,Beauty,Makeup,P17,West,2023-12-20,2,394.0,105.55
O1486,C7,Sports,Outdoor,P153,South,2023-12-21,5,145.0,42.54
O1487,C57,Home,Kitchen,P41,South,2023-12-22,5,1400.0,409.11
O1488,C1,Sports,Outdoor,P75,East,2023-12-22,6,2556.0,606.83
O1489,C58,Electronics,Tablet,P60,South,2023-12-23,3,471.0,38.87
O1490,C32,Clothing,Jackets,P47,North,2023-12-24,8,1528.0,366.06
O1491,C73,Home,Bedding,P183,South,2023-12-25,1,405.0,22.74
O1492,C24,Electronics,Tablet,P99,West,2023-12-25,6,192.0,10.66
O1493,C38,Home,Decor,P12,East,2023-12-26,4,748.0,97.92
O1494,C12,Clothing,Shirts,P93,West,2023-12-27,1,149.0,25.65
O1495,C31,Beauty,Makeup,P20,South,2023-12-28,7,721.0,174.92
O1496,C39,Beauty,Fragrance,P138,West,2023-12-28,9,3060.0,675.72
O1497,C90,Electronics,Laptop,P30,South,2023-12-29,4,1352.0,218.32
O1498,C74,Home,Decor,P67,West,2023-12-30,4,480.0,56.84
O1499,C66,Home,Kitchen,P189,North,2023-12-31,6,2088.0,624.9
